<xml>
  <navigation type="customtabs" backgroundColor="#5B5B5B" backgroundImage="348s.jpg" contentOverlap="" itemsPosition="" textStyle="2" textSize="10" textFont="" iosStyleNavigation="">
    <items>
      <item icon="home.png" text="Home" textColor="#2809F2" selectedTextColor="#FF0000" selectedIcon="home_selected.png" backgroundImage="BG-7.png" selectedBackgroundImage="BG-7.png" backgroundColor="#510CF2" selectedBackgroundColor="#f9f9f9" />
      <item icon="butler-image-fancy-cartoon-32352979.jpg" text="Cuisine" textColor="#5709F2" selectedTextColor="#FF0000" selectedIcon="Menu_selected.png" backgroundImage="BG-7.png" selectedBackgroundImage="BG-7.png" backgroundColor="#CFB6D6" selectedBackgroundColor="#f9f9f9" />
      <item icon="depositphotos_13975091-stock-photo-shopping-cart-icon.jpg" text=" Cart" textColor="#0921F7" selectedTextColor="#FF0000" selectedIcon="depositphotos_13975091-stock-photo-shopping-cart-icon.jpg" backgroundImage="BG-7.png" selectedBackgroundImage="BG-7.png" backgroundColor="#AEF2DC" selectedBackgroundColor="#f9f9f9" />
      <item icon="FreeGreatPicture.com-24681-hd-sales-discount-picture.jpg" text="Coupons" textColor="#0428F2" selectedTextColor="#50F713" selectedIcon="FreeGreatPicture.com-24681-hd-sales-discount-picture.jpg" backgroundImage="" selectedBackgroundImage="" backgroundColor="#C2E8EF" selectedBackgroundColor="#f9f9f9" />
      <item icon="download-3d-miscellaneous-wallpaper-miscellaneous-242.jpg" text="Misc" textColor="#2A11E0" selectedTextColor="" selectedIcon="download-3d-miscellaneous-wallpaper-miscellaneous-242.jpg" backgroundImage="" selectedBackgroundImage="" backgroundColor="#EAE8C9" selectedBackgroundColor="#f9f9f9" />
    </items>
  </navigation>
  <targetplatform simulator="iPhone">iPhone</targetplatform>
  <template price="199.99" defaultPageTransition="none" id="MobileOrdering1" scaleWebPagesToBaseResolution="false" topadtype="none" bottomadtype="none" globalNavigationBarStyle="3" globalNavigationBarColor="#F44444" globalLogo="" isUniversalApp="false" />
  <prop id="appname" title="App Name">GarudaRelish</prop>
  <planname>Basic</planname>
  <description>At%20Garuda%20Relish%2C%20we%20partner%20with%20your%20favorite%20local%20restaurants%20for%20you%20to%20be%20able%20to%20place%20an%20order%20for%20pick-up%20or%20delivery.%20Our%20App%20provides%20many%20features%20that%20you%20will%20surely%20find%20useful%20in%20the%20miscellaneous%20tab.%20Please%20contact%20us%20for%20any%20requests%20you%20may%20have%20and%20also%20do%20leave%20us%20some%20rating%20and%20feedback%20on%20how%20we%20are%20doing.</description>
  <page id="tab1.html" type="slideshowmenuitems" kind="html" transition="" slidepageid="none" slidetransition="" hasreviews="no" hassend="no" hasfields="no" topadtype="inherited" bottomadtype="inherited" dynamicdata="false" jsonurl="" hidebottombaratpush="no" hasreviewhtmlkey="no" title="" logo="" shownavbar="yes" openlinksonsametabview="no" zoomEnabled="false" hideLoadingAnimation="false" login="yes">
  </page>
  <page id="tab2.html" type="colormenu" kind="html" transition="" slidepageid="none" slidetransition="" hasreviews="no" hassend="no" hasfields="no" topadtype="admob" bottomadtype="inherited" dynamicdata="false" jsonurl="" hidebottombaratpush="no" hasreviewhtmlkey="no" title="" logo="" shownavbar="yes" openlinksonsametabview="no" zoomEnabled="false" hideLoadingAnimation="false" login="yes" />
  <page id="tab3.html" type="order" transition="" slidepageid="" slidetransition="slide" hasreviews="no" hassend="no" hasfields="false" topadtype="inherited" bottomadtype="inherited" dynamicdata="false" jsonurl="" hidebottombaratpush="no" orderTaxPercent="0" deliveryMethodPickupMessage="Please stop by for your pick up..The order will be ready in 30 min. " deliveryMethodDeliverMessage="The order will be delivered to you soon." deliveryPrice="0" freeDelivery="0" paymentMethods="authorizeNet,cash,payPal" title="" logo="" kind="native" currencyCode="USD" pickUpEnabled="true" deliveryEnabled="true" alipayPaymentMethod="0" alipayPartnerId="" allPayMerchantId="" allPayApplicationId="" login="yes" />
  <page id="tab5.html" type="gridmenu" kind="html" transition="" slidepageid="none" slidetransition="" hasreviews="no" hassend="no" hasfields="no" topadtype="inherited" bottomadtype="inherited" dynamicdata="false" jsonurl="" hidebottombaratpush="no" hasreviewhtmlkey="no" title="" logo="" shownavbar="yes" openlinksonsametabview="no" zoomEnabled="false" hideLoadingAnimation="false" login="yes">
  </page>
  <page id="aboutus.html" type="headletterhtml" transition="RIPPLE_EFFECT" slidepageid="Citiesweserve.html" slidetransition="curl" hasreviews="no" hassend="no" hasfields="no" topadtype="inherited" bottomadtype="inherited" dynamicdata="false" jsonurl="" hidebottombaratpush="no" hasreviewhtmlkey="no" title="" logo="" enterrevmob="" exitrevmob="" transitionsound="" hidetabbaratpush="no" kind="html" interstitialadtype="revmob" interstitialadview="" zoomEnabled="false" hideLoadingAnimation="false" />
  <page id="locationfinder.html" type="nearbylocations" kind="native" transition="" slidepageid="" slidetransition="slide" hasreviews="no" hassend="no" hasfields="no" topadtype="inherited" bottomadtype="inherited" dynamicdata="false" jsonurl="" hidebottombaratpush="no" googleplaceapikey="" locationRadius="50000" locationKeywords="Parks" locationCategories="accounting|airport|amusement_park|aquarium|art_gallery|atm|bakery|bank|bar|beauty_salon|bicycle_store|book_store|bowling_alley|bus_station|cafe|campground|car_dealer|car_rental|car_repair|car_wash|casino|cemetery|church|city_hall|clothing_store|convenience_store|courthouse|dentist|department_store|doctor|electrician|electronics_store|embassy|establishment|finance|fire_station|florist|food|funeral_home|furniture_store|gas_station|general_contractor|grocery_or_supermarket|gym|hair_care|hardware_store|health|hindu_temple|home_goods_store|hospital|insurance_agency|jewelry_store|laundry|lawyer|library|liquor_store|local_government_office|locksmith|lodging|meal_delivery|meal_takeaway|mosque|movie_rental|movie_theater|moving_company|museum|night_club|painter|park|parking|pet_store|pharmacy|physiotherapist|place_of_worship|plumber|police|post_office|real_estate_agency|restaurant|roofing_contractor|rv_park|school|shoe_store|shopping_mall|spa|stadium|storage|store|subway_station|synagogue|taxi_stand|train_station|travel_agency|university|veterinary_care|zoo">
  </page>
  <page id="view3601.html" type="view360" transition="NONE" slidepageid="none" slidetransition="" hasreviews="no" hassend="no" hasfields="no" topadtype="inherited" bottomadtype="inherited" dynamicdata="false" jsonurl="" hidebottombaratpush="no" hasreviewhtmlkey="no" title="" logo="" enterrevmob="" exitrevmob="" hidetabbaratpush="no" kind="native" interstitialadtype="revmob" interstitialadview="">
    <webalbum title="360° VIEW">
      <webpicture>
        <title>Picture1</title>
        <file>360view1.jpg</file>
        <caption>
        </caption>
      </webpicture>
      <webpicture>
        <title>Picture2</title>
        <file>360view2.jpg</file>
        <caption>
        </caption>
      </webpicture>
      <webpicture>
        <title>Picture3</title>
        <file>360view3.jpg</file>
        <caption>
        </caption>
      </webpicture>
      <webpicture>
        <title>Picture4</title>
        <file>360view4.jpg</file>
        <caption>
        </caption>
      </webpicture>
      <webpicture>
        <title>Picture5</title>
        <file>360view5.jpg</file>
        <caption>
        </caption>
      </webpicture>
      <webpicture>
        <title>Picture6</title>
        <file>360view6.jpg</file>
        <caption>
        </caption>
      </webpicture>
      <webpicture>
        <title>Picture7</title>
        <file>360view7.jpg</file>
        <caption>
        </caption>
      </webpicture>
      <webpicture>
        <title>Picture8</title>
        <file>360view8.jpg</file>
        <caption>
        </caption>
      </webpicture>
      <webpicture>
        <title>Picture9</title>
        <file>360view9.jpg</file>
        <caption>
        </caption>
      </webpicture>
      <webpicture>
        <title>Picture10</title>
        <file>360view10.jpg</file>
        <caption>
        </caption>
      </webpicture>
    </webalbum>
  </page>
  <file id="appStyles.xml" newsfile="yes">
  </file>
  <page id="howunlockcoupon.html" type="html" title="" logo="" transition="SUCK_EFFECT" slidepageid="none" slidetransition="slide" hasreviews="no" hassend="no" hasfields="no" topadtype="inherited" bottomadtype="inherited" dynamicdata="false" jsonurl="" enterrevmob="" exitrevmob="" transitionsound="" hidetabbaratpush="no" zoomEnabled="false" kind="html" interstitialadtype="revmob" interstitialadview="" hideLoadingAnimation="false" />
  <hostedresources>
  </hostedresources>
  <page id="tab6.html" type="productorder" kind="native" transition="" slidepageid="" slidetransition="slide" hasreviews="no" hassend="no" hasfields="no" topadtype="inherited" bottomadtype="inherited" dynamicdata="false" jsonurl="" hidebottombaratpush="no" title="" logo="" backgroundImage="" backgroundColor="" textColor="" />
  <file id="tab6.html.json" newsfile="yes" />
  <page id="Tab7.html" type="productorder" kind="native" transition="SUCK_EFFECT" slidepageid="" slidetransition="slide" hasreviews="no" hassend="no" hasfields="no" topadtype="inherited" bottomadtype="inherited" dynamicdata="false" jsonurl="" hidebottombaratpush="no" title="" logo="" interstitialadtype="none" hidetabbaratpush="yes" backgroundImage="" backgroundColor="" textColor="#0C0300" />
  <file id="Tab7.html.json" newsfile="yes" />
  <file id="tab3.html" newsfile="yes" />
  <restrictedaccess>
    <feature id="announcements" enabled="true" />
    <feature id="calendar" enabled="true" />
    <feature id="coupon" enabled="true" />
    <feature id="geofences" enabled="true" />
    <feature id="loyalty" enabled="true" />
    <feature id="map" enabled="true" />
    <feature id="productorder" enabled="true" />
    <feature id="pushnotifications" enabled="true" />
  </restrictedaccess>
  <rateapp appleid="" rateatlaunch="no" rateatrelaunch="no" message="" cancelmessage="No, Thanks" remindmessage="Remind Me Later" actionmessage="Rate It Now" />
  <ads allowUsingAdvertisingId="false" />
  <admobpublisher id="" interstitialUnitId="" />
  <doubleclickpublisher unitId="" />
  <pollfish apiKey="" padding="0" position="na" />
  <revmobappid id="" />
  <scads refreshRate="30" />
  <googleanalyticsid id="" />
  <localizablelanguage value="eng" />
  <paypalappid id="" />
  <fbapp apikey="1691874344457908" />
  <androidAppLicensing enabled="false" publicKey="" />
  <apkExpansionFiles enabled="false" />
  <androidInAppBilling enabled="false" />
  <android installLocation="" />
  <pdftron licenseKey="" />
  <rotationapp>true</rotationapp>
  <webView bouncesEnabled="false" hideLoadingAnimation="false" externalSiteZoomEnabled="true" />
  <sharepointclient url="" username="APP1004" password="WXpKb2FHSnRkR2hqYlVVOUl5UitaR2hsWlhKaGFtaGhibVJoIyRkaGVlcmFqaGFuZGEkI2MyaGhibXRoY21FPQ==" />
  <appstorelink>
  </appstorelink>
  <googleMaps androidApiV2Key="" />
  <baiduMaps baiduMapsApiKeyAndroid="" baiduMapsApiKeyiOS="" />
  <webapp statusBarStyle="default" iconsStyle="precomposed" offlineModeEnabled="false" inAppLinks="false" />
  <locationServices startupAuthorizationType="auto">
    <inUseDescription>
    </inUseDescription>
    <alwaysDescription>
    </alwaysDescription>
  </locationServices>
  <inAppSettings>
    <setting id="forceSync" enabled="false" />
    <setting id="clearResources" enabled="false" />
    <setting id="restoreInAppPurchase" enabled="false" />
  </inAppSettings>
  <page id="map1.html" type="map" kind="native" transition="NONE" slidepageid="" slidetransition="slide" hasreviews="no" hassend="no" hasfields="false" topadtype="inherited" bottomadtype="inherited" dynamicdata="false" jsonurl="" hidebottombaratpush="no" title="Location" logo="" interstitialadtype="none" hidetabbaratpush="no" gmapzoom="100" mapType="normal">
    <locations>
      <location>
        <name>Location 1</name>
        <latitude>40.714353</latitude>
        <longitude>-74.005973</longitude>
        <imageurl>
        </imageurl>
        <ldescription>Current Location</ldescription>
        <ltarget>locationfinder.html</ltarget>
      </location>
    </locations>
  </page>
  <page id="form1.html" type="form" kind="html" transition="MOVEIN_FROM_RIGHT" slidepageid="none" slidetransition="none" hasreviews="no" hassend="no" hasfields="no" topadtype="inherited" bottomadtype="inherited" dynamicdata="false" jsonurl="" hidebottombaratpush="no" hasreviewhtmlkey="no" title="" logo="" interstitialadtype="none" transitionsound="" hidetabbaratpush="no" zoomEnabled="false" hideLoadingAnimation="false" />
  <appStoreProperties>
    <recentChanges>1.0</recentChanges>
    <reviewContact firstName="5ISnWID0uMDu0g0VwjJW/Q==" lastName="u6vdpGFwK0tmfNNwjTG/7g==" email="Edbi+Y3HPwfG21zt5CUvl05cgjsPTSKpcu+lDE0VB+A=" phone="mwsZvAu4LCyyJFVO9nGSPg==" />
    <reviewDemoAccount username="mmbw0qmJdpbWs0YWna+wUw==" password="mmbw0qmJdpbWs0YWna+wUw==" />
    <primaryLanguage>6</primaryLanguage>
    <privacyPolicy url="http://www.relishgaruda.com" />
    <supportUrl>http://www.relishgaruda.com</supportUrl>
    <marketingUrl>http://www.relishgaruda.com</marketingUrl>
    <publisherReviewAppleID>Edbi+Y3HPwfG21zt5CUvl05cgjsPTSKpcu+lDE0VB+A=</publisherReviewAppleID>
    <publisherReviewNotes>mmbw0qmJdpbWs0YWna+wUw==</publisherReviewNotes>
    <copyright>jkRWXXdtUd0WTMscetLrJg==</copyright>
  </appStoreProperties>
  <primarycat>6</primarycat>
  <secondarycat>6</secondarycat>
  <gameSubcategory1>0</gameSubcategory1>
  <gameSubcategory2>0</gameSubcategory2>
  <magazineSubcategory1>0</magazineSubcategory1>
  <magazineSubcategory2>0</magazineSubcategory2>
  <keywords>Food%20Delivery%2C%20Food%20Order%2CIndian%20Food.</keywords>
  <page id="NewPage1.html" type="nearbylocations" kind="native" transition="REVEAL_FROM_RIGHT" slidepageid="" slidetransition="slide" hasreviews="no" hassend="no" hasfields="no" topadtype="inherited" bottomadtype="inherited" dynamicdata="false" jsonurl="" hidebottombaratpush="no" googleplaceapikey="" locationRadius="50000" locationKeywords="Food|Restaurant|Fast Food| Bakery" locationCategories="accounting|airport|amusement_park|aquarium|art_gallery|atm|bakery|bank|bar|beauty_salon|bicycle_store|book_store|bowling_alley|bus_station|cafe|campground|car_dealer|car_rental|car_repair|car_wash|casino|cemetery|church|city_hall|clothing_store|convenience_store|courthouse|dentist|department_store|doctor|electrician|electronics_store|embassy|establishment|finance|fire_station|florist|food|funeral_home|furniture_store|gas_station|general_contractor|grocery_or_supermarket|gym|hair_care|hardware_store|health|hindu_temple|home_goods_store|hospital|insurance_agency|jewelry_store|laundry|lawyer|library|liquor_store|local_government_office|locksmith|lodging|meal_delivery|meal_takeaway|mosque|movie_rental|movie_theater|moving_company|museum|night_club|painter|park|parking|pet_store|pharmacy|physiotherapist|place_of_worship|plumber|police|post_office|real_estate_agency|restaurant|roofing_contractor|rv_park|school|shoe_store|shopping_mall|spa|stadium|storage|store|subway_station|synagogue|taxi_stand|train_station|travel_agency|university|veterinary_care|zoo" title="" logo="" interstitialadtype="none" hidetabbaratpush="no" />
  <page id="rateandreview1.html" type="rateandreview" kind="native" transition="" slidepageid="" slidetransition="slide" hasreviews="no" hassend="no" hasfields="no" topadtype="inherited" bottomadtype="inherited" dynamicdata="false" jsonurl="" hidebottombaratpush="no" login="yes" />
  <page id="Partners.html" type="colormenu" kind="html" transition="NONE" slidepageid="none" slidetransition="" hasreviews="no" hassend="no" hasfields="no" topadtype="inherited" bottomadtype="inherited" dynamicdata="false" jsonurl="" hidebottombaratpush="no" hasreviewhtmlkey="no" title="" logo="" interstitialadtype="none" transitionsound="" hidetabbaratpush="no" zoomEnabled="false" hideLoadingAnimation="false" login="yes" />
  <page id="messenger1.html" type="sms" kind="native" transition="NONE" slidepageid="" slidetransition="slide" hasreviews="no" hassend="no" hasfields="no" topadtype="inherited" bottomadtype="inherited" dynamicdata="false" jsonurl="" hidebottombaratpush="no" title="" logo="" interstitialadtype="none" />
  <page id="Howwework.html" type="photoletterhtml" kind="html" transition="NONE" slidepageid="none" slidetransition="slide" hasreviews="no" hassend="no" hasfields="no" topadtype="inherited" bottomadtype="inherited" dynamicdata="false" jsonurl="" hidebottombaratpush="no" hasreviewhtmlkey="no" title="" logo="" interstitialadtype="none" transitionsound="" hidetabbaratpush="no" zoomEnabled="false" hideLoadingAnimation="false" />
  <page id="announcemets.html" type="announcements" kind="native" transition="NONE" slidepageid="" slidetransition="slide" hasreviews="no" hassend="no" hasfields="no" topadtype="inherited" bottomadtype="inherited" dynamicdata="false" jsonurl="" hidebottombaratpush="no" title="" logo="" interstitialadtype="none" hidetabbaratpush="no" login="yes" />
  <page id="imgarea1.html" type="imgarea" kind="html" transition="RIPPLE_EFFECT" slidepageid="none" slidetransition="none" hasreviews="no" hassend="no" hasfields="no" topadtype="inherited" bottomadtype="inherited" dynamicdata="false" jsonurl="" hidebottombaratpush="no" hasreviewhtmlkey="no" title="" logo="" interstitialadtype="none" transitionsound="" hidetabbaratpush="no" zoomEnabled="false" hideLoadingAnimation="false" />
  <page id="dublinCA.html" type="html" kind="html" transition="NONE" slidepageid="" slidetransition="slide" hasreviews="no" hassend="no" hasfields="no" topadtype="inherited" bottomadtype="inherited" dynamicdata="false" jsonurl="" hidebottombaratpush="no" title="" logo="" interstitialadtype="none" transitionsound="" hidetabbaratpush="no" zoomEnabled="false" hideLoadingAnimation="false" />
  <file id="princeton-NJ.jpg" newsfile="yes" />
  <file id="princetonNJ.html" newsfile="yes" />
  <geofencing enabled="true" />
  <file id="geofencingConfig.json" newsfile="yes" />
  <page id="loginregister1.html" type="loginregister" kind="native" transition="FLIP_FROM_RIGHT" slidepageid="" slidetransition="slide" hasreviews="no" hassend="no" hasfields="no" topadtype="inherited" bottomadtype="inherited" dynamicdata="false" jsonurl="" hidebottombaratpush="no" autoApprovePendingUsers="false" title="" logo="" interstitialadtype="admob" interstitialadview="fullscreen" hidetabbaratpush="no" restriction="pages">
    <fields>
      <field name="phone" status="required" />
      <field name="dob" status="disabled" />
    </fields>
  </page>
  <file id="login_register.xml" newsfile="yes" />
  <page id="sms1.html" type="sms" kind="native" transition="" slidepageid="none" slidetransition="" hasreviews="no" hassend="no" hasfields="no" topadtype="inherited" bottomadtype="inherited" dynamicdata="false" jsonurl="" hidebottombaratpush="no" hasreviewhtmlkey="no" smsnumber="9252073075" smsbody="" />
  <page id="disclaim.html" type="html" slidepageid="none" slidetransition="slide" hasreviewhtmlkey="no" hasfields="no" kind="html" title="" logo="" topadtype="inherited" bottomadtype="inherited" interstitialadtype="none" transition="NONE" transitionsound="" hasreviews="no" hassend="no" hidetabbaratpush="no" zoomEnabled="false" dynamicdata="false" jsonurl="" hideLoadingAnimation="false" />
  <agreementPage pageId="disclaim.html" denyPageId="aboutus.html" />
  <file id="Tab7.html" newsfile="no" />
  <page id="tab4.html" type="coupon" kind="native" transition="" slidepageid="none" slidetransition="" hasreviews="no" hassend="no" hasfields="no" topadtype="inherited" bottomadtype="inherited" dynamicdata="false" jsonurl="" hidebottombaratpush="no" canbeusedagain="yes" countofscans="4" resultimage="defaultcoupon.png" title="" logo="" hasreviewhtmlkey="no" startdate="" enddate="" hoursbeforenextcheck="" barcodedata="" gpsdata="" login="yes">
  </page>
  <key>CFBundleURLTypes</key>
  <array>
    <dict>
      <key>CFBundleURLSchemes</key>
      <array>
        <string>fb1003940979717421</string>
      </array>
    </dict>
  </array>
  <key>FacebookAppID</key>
  <string>1003940979717421</string>
  <key>FacebookDisplayName</key>
  <string>Relish</string>
  <key>LSApplicationQueriesSchemes</key>
  <array>
    <string>fbapi</string>
    <string>fb-messenger-api</string>
    <string>fbauth2</string>
    <string>fbshareextension</string>
  </array>
  <page id="Citiesweserve.html" type="colormenu" kind="html" transition="NONE" slidepageid="none" slidetransition="none" hasreviews="no" hassend="no" hasfields="no" topadtype="inherited" bottomadtype="inherited" dynamicdata="false" jsonurl="" hidebottombaratpush="no" hasreviewhtmlkey="no" title="" logo="" interstitialadtype="none" transitionsound="" hidetabbaratpush="no" zoomEnabled="false" hideLoadingAnimation="false" />
  <page id="messenger.html" type="messenger" kind="native" transition="" slidepageid="" slidetransition="slide" hasreviews="no" hassend="no" hasfields="no" topadtype="inherited" bottomadtype="inherited" dynamicdata="false" jsonurl="" hidebottombaratpush="no" maxMessageLength="255" login="yes" />
  <page id="radio.html" type="radiostreaming2" kind="html" transition="" slidepageid="" slidetransition="slide" hasreviews="no" hassend="no" hasfields="false" topadtype="inherited" bottomadtype="inherited" dynamicdata="false" jsonurl="" hidebottombaratpush="no" />
  <page id="Calendar.html" type="html" kind="html" transition="NONE" slidepageid="none" slidetransition="slide" hasreviews="no" hassend="no" hasfields="no" topadtype="inherited" bottomadtype="inherited" dynamicdata="false" jsonurl="" hidebottombaratpush="no" hasreviewhtmlkey="no" title="" logo="" interstitialadtype="none" transitionsound="" hidetabbaratpush="no" zoomEnabled="false" hideLoadingAnimation="false" />
  <page id="desiradio.html" type="radiostreaming2" kind="html" transition="NONE" slidepageid="" slidetransition="slide" hasreviews="no" hassend="no" hasfields="false" topadtype="inherited" bottomadtype="inherited" dynamicdata="false" jsonurl="" hidebottombaratpush="no" title="" logo="" interstitialadtype="none" transitionsound="" hidetabbaratpush="no" zoomEnabled="false" hideLoadingAnimation="false" login="yes" />
  <page id="RadioMenu.html" type="html" kind="html" transition="" slidepageid="none" slidetransition="curl" hasreviews="no" hassend="no" hasfields="no" topadtype="inherited" bottomadtype="inherited" dynamicdata="false" jsonurl="" hidebottombaratpush="no" hasreviewhtmlkey="no" />
  <page id="throw1.html" type="throw" module="SCGames" kind="native" transition="" slidepageid="" slidetransition="slide" hasreviews="no" hassend="no" hasfields="no" topadtype="inherited" bottomadtype="inherited" dynamicdata="false" jsonurl="" hidebottombaratpush="no" />
  <page id="Chat.html" type="html" kind="html" transition="NONE" slidepageid="none" slidetransition="slide" hasreviews="no" hassend="no" hasfields="no" topadtype="inherited" bottomadtype="inherited" dynamicdata="false" jsonurl="" hidebottombaratpush="no" hasreviewhtmlkey="no" title="" logo="" interstitialadtype="none" transitionsound="" hidetabbaratpush="no" zoomEnabled="false" hideLoadingAnimation="false" login="yes" />
  <page id="Google.html" type="inAppBrowser" kind="native" transition="NONE" slidepageid="" slidetransition="slide" hasreviews="no" hassend="no" hasfields="false" topadtype="inherited" bottomadtype="inherited" dynamicdata="false" jsonurl="" hidebottombaratpush="no" title="" targeturl="http://www.msn.com" logo="" interstitialadtype="none" hidetabbaratpush="no" />
  <page id="NewPage2.html" type="announcements" kind="native" transition="" slidepageid="" slidetransition="slide" hasreviews="no" hassend="no" hasfields="false" topadtype="inherited" bottomadtype="inherited" dynamicdata="false" jsonurl="" hidebottombaratpush="no" topics="" />
  <page id="NewPage3.html" type="html" kind="html" transition="" slidepageid="" slidetransition="slide" hasreviews="no" hassend="no" hasfields="no" topadtype="inherited" bottomadtype="inherited" dynamicdata="false" jsonurl="" hidebottombaratpush="no" />
  <page id="NewPage4.html" type="AdvancedShareApp" module="moitesperaHtmlPackage" kind="html" transition="" slidepageid="" slidetransition="slide" hasreviews="no" hassend="no" hasfields="false" topadtype="inherited" bottomadtype="inherited" dynamicdata="false" jsonurl="" hidebottombaratpush="no" />
  <page id="introvideo.html" type="animatedIntro" module="TropicalTemplatesHtmlPackage" kind="html" transition="" slidepageid="" slidetransition="slide" hasreviews="no" hassend="no" hasfields="false" topadtype="inherited" bottomadtype="inherited" dynamicdata="false" jsonurl="" hidebottombaratpush="no" />
  <page id="Events-around-you.html" type="eventlist" module="georgesespernjcu5gt8HtmlPackage" kind="html" transition="NONE" slidepageid="" slidetransition="slide" hasreviews="no" hassend="no" hasfields="false" topadtype="inherited" bottomadtype="inherited" dynamicdata="false" jsonurl="" hidebottombaratpush="no" title="" logo="" interstitialadtype="none" transitionsound="" hidetabbaratpush="no" zoomEnabled="false" hideLoadingAnimation="false" />
  <wellcomePage pageId="introvideo.html" showTime="3" showEveryTime="true" />
  <page id="Contact.html" type="html" kind="html" transition="NONE" slidepageid="none" slidetransition="slide" hasreviews="no" hassend="no" hasfields="no" topadtype="inherited" bottomadtype="inherited" dynamicdata="false" jsonurl="" hidebottombaratpush="no" hasreviewhtmlkey="no" title="" logo="" interstitialadtype="none" transitionsound="" hidetabbaratpush="no" zoomEnabled="false" hideLoadingAnimation="false" login="yes" />
  <page id="rss1.html" type="rss" kind="html" transition="" slidepageid="none" slidetransition="" hasreviews="no" hassend="no" hasfields="no" topadtype="inherited" bottomadtype="inherited" dynamicdata="false" jsonurl="" hidebottombaratpush="no" hasreviewhtmlkey="no" login="yes" />
  <page id="NewPage5.html" type="login" kind="html" transition="" slidepageid="" slidetransition="slide" hasreviews="no" hassend="no" hasfields="no" topadtype="inherited" bottomadtype="inherited" dynamicdata="false" jsonurl="" hidebottombaratpush="no" />
  <page id="quiz1.html" type="quiz" kind="native" transition="" slidepageid="" slidetransition="slide" hasreviews="no" hassend="no" hasfields="false" topadtype="inherited" bottomadtype="inherited" dynamicdata="false" jsonurl="" hidebottombaratpush="no" quiztitle="Your first quiz" quizrandomize="1" quizbgimage="quiz_background@2x.png" quizbuttonsbgimage="quiz_button@2x.png" />
  <page id="Partyorder.html" type="form" kind="html" transition="" slidepageid="none" slidetransition="" hasreviews="no" hassend="no" hasfields="no" topadtype="inherited" bottomadtype="inherited" dynamicdata="false" jsonurl="" hidebottombaratpush="no" hasreviewhtmlkey="no" />
</xml>