<?xml version="1.0" encoding="UTF-8"?><styles version="2"><style name="Theme.App" parent="Theme.Base.Light"><item name="appBarStyle">@style/View.App.AppBar</item><item name="tabBarStyle">@style/View.App.TabBar</item><item name="primaryColor">#c72828</item></style><style name="View.App.AppBar"></style><style name="View.App.TabBar"></style><style name="Theme.Main" parent="@style/AppBaseTheme.Light"><item name="accentColor">#c72828</item></style><style name="ActionBarStyle"><item name="backgroundColor">#c72828</item><item name="accentColor">#000000</item></style><style name="TabBarStyle"><item name="backgroundColor">#c72828</item><item name="accentColor">#000000</item></style></styles>