﻿{"questions":[{"uuid":"qe-wupguweh","questiontext":"William Shakespeare was the first non-royal to appear on a UK postage stamp?","questionimage":"general_quiz.jpg","questionpoints":"5","answertext":"Yes, is the answer","answerbgimage":"quiz_feed.png","choicebtnbgimage":"quizfeedbackpagebutton_bg.png","choices":[{"text":"Yes","status":true},{"text":"No","status":false},{"text":"Maybe","status":false}]},{"uuid":"qe-fetixdzl","questiontext":"What is the largest state in the  USA?","questionimage":"general_quiz.jpg","questionpoints":"4","answertext":"Alaska is true!","answerbgimage":"quiz_feed.png","choicebtnbgimage":"quizfeedbackpagebutton_bg.png","choices":[{"text":"California","status":false},{"text":"Alaska","status":true},{"text":"New York","status":false}]},{"uuid":"qe-c52982ad-d33e-4b9f-8c76-e0caf8b0b0a7","questiontext":"Which measurement of speed is equivalent to one nautical mile per hour?","questionimage":"general_quiz.jpg","questionpoints":"6","answertext":"Knot is the answer!","answerbgimage":"quiz_feed.png","choicebtnbgimage":"quizfeedbackpagebutton_bg.png","choices":[{"text":"Frequency","status":false},{"text":"Kilometers","status":false},{"text":"Knot","status":true}]}]}