<document>
<location>
<name>Paris</name>
<latitude>48.856667</latitude>
<longitude>2.350987</longitude>
<type>city</type>
<target/>
<imageurl/>
<description>France</description>
</location>
<location>
<name>Dublin</name>
<latitude>37.7022</latitude>
<longitude>-121.9358</longitude>
<type>city</type>
<target/>
<imageurl/>
<description>USA</description>
</location>
<location>
<name>Sydney</name>
<latitude>-33.868901</latitude>
<longitude>151.207091</longitude>
<type>town</type>
<target/>
<imageurl/>
<description>Australia</description>
</location>
<location>
<name>Tokio</name>
<latitude>35.689488</latitude>
<longitude>139.691706</longitude>
<type>city</type>
<target/>
<imageurl/>
<description>Japan</description>
</location>
</document>