<?xml version="1.0"?>
<locations>
  <location>
    <id>QViqUSuzPyyD</id>
    <name>Restaurants</name>
    <latitude>40.714353</latitude>
    <longitude>-74.005973</longitude>
    <target>locationfinder.html.xml</target>
    <type>location type</type>
    <imageurl>header.png</imageurl>
    <description>About this location</description>
  </location>
  <location>
    <id>TqQiOPxEtNvL</id>
    <name>Location6</name>
    <latitude>40.714353</latitude>
    <longitude>-74.005973</longitude>
    <target>nearbylocations1.html</target>
    <type>Restaurants</type>
    <imageurl>
    </imageurl>
    <description>brief description</description>
  </location>
</locations>