{"questions":[{"uuid":"qe-wupguweh","questiontext":"Question 1 ","questionimage":"quiz_question1_image.png","questionpoints":"5","answertext":"Yes, is the answer","answerbgimage":"quiz-board@2x.png","choicebtnbgimage":"quiz_button@2x.png","choices":[{"text":"Yes","status":true},{"text":"No","status":false},{"text":"Maybe","status":false}]},{"uuid":"qe-fetixdzl","questiontext":"Question 2 ","questionimage":"quiz_question2_image.png","questionpoints":"3","answertext":"2.2 is the answer","answerbgimage":"quiz-board@2x.png","choicebtnbgimage":"quiz_button@2x.png","choices":[{"text":"Answer 2.1","status":false},{"text":"Answer 2.2","status":true},{"text":"Answer 2.3","status":false}]},{"uuid":"qe-c52982ad-d33e-4b9f-8c76-e0caf8b0b0a7","questiontext":"Question 3","questionimage":"quiz_question3_image.png","questionpoints":"6","answertext":"Answer 3 is correct","answerbgimage":"largebuttonmenuitemicophoto.png","choicebtnbgimage":"quiz_button@2x.png","choices":[{"text":"Answer 1","status":false},{"text":"Answer 2","status":false},{"text":"Answer 3","status":true}]}]}