<?xml version="1.0" encoding="UTF-8"?><pageConfig pageType="order"><parsererror xmlns="http://www.w3.org/1999/xhtml" style="display: block; white-space: pre; border: 2px solid #c77; padding: 0 1em 0 1em; margin: 1em; background-color: #fdd; color: black"><h3>This page contains the following errors:</h3><div style="font-family:monospace;font-size:12px">error on line 12 at column 39: Char 0x0 out of allowed range
</div><h3>Below is a rendering of the page up to the first error.</h3></parsererror><parsererror xmlns="http://www.w3.org/1999/xhtml" style="display: block; white-space: pre; border: 2px solid #c77; padding: 0 1em 0 1em; margin: 1em; background-color: #fdd; color: black"><h3>This page contains the following errors:</h3><div style="font-family:monospace;font-size:12px">error on line 20 at column 39: Char 0x0 out of allowed range
</div><h3>Below is a rendering of the page up to the first error.</h3></parsererror><merchantEmail>raj@ridegaruda.com</merchantEmail><transactionDescription>Garuda Relish order</transactionDescription><receiptEmailSubject>Order receipt from Garuda Relish($orderTotal$)</receiptEmailSubject><receiptEmailBody>Hello $buyerFirstName$ $buyerLastName$, &lt;br /&gt;&lt;br /&gt;
Thanks for buying from us!&lt;br /&gt;&lt;br /&gt;
Order date: $orderDate$&lt;br /&gt;
Description: $transactionDescripton$&lt;br /&gt;
Order instructions: $orderInstructions$&lt;br /&gt;
Delivery method: $deliveryMethod$&lt;br /&gt;
Phone number: $phoneNumber$&lt;br /&gt;
Delivery address: $deliveryAddress$&lt;br /&gt;
Pickup address: $pickUpAddress$&lt;br /&gt;
Payment method: $paymentMethod$&lt;br /&gt;
&lt;br /&gt;$itemListTable$&lt;br /&gt;&lt;br /&gt;
Paid with: $cardNumberShort$</receiptEmailBody><authorizeNetLoginId>B+aEdBFqAa8BpSprc405yw==</authorizeNetLoginId><authorizeNetTransactionKey>3EhDAKPYb6MyUu41R0q2l3rkRiHc/HkHsT9nQJ3XmKo=</authorizeNetTransactionKey><orderEmailSubject>Garuda Relish-We  have received your order.</orderEmailSubject><orderEmailBody>Order Details: &lt;br /&gt;
Date: $orderDate$&lt;br /&gt;
Email: $buyerEmail$&lt;br /&gt;
Phone number: $phoneNumber$&lt;br /&gt;
Name: $buyerFirstName$ $buyerLastName$&lt;br /&gt;
Description: $transactionDescripton$&lt;br /&gt;
Order instructions: $orderInstructions$&lt;br /&gt;
Delivery method: $deliveryMethod$&lt;br /&gt;
Delivery address: $deliveryAddress$&lt;br /&gt;
Pickup address: $pickUpAddress$&lt;br /&gt;
Payment method: $paymentMethod$&lt;br /&gt;
&lt;br /&gt;$itemListTable$&lt;br /&gt;&lt;br /&gt;</orderEmailBody><payPalAPIUsername>sYmOk37kUl6UW/xclL+PxA==</payPalAPIUsername><payPalAPIPassword>wk6Fqbwz/dce+c/HUz1j+w==</payPalAPIPassword><payPalAPISignature>BV1Q67d6ac2vVh7u3DjzMg==</payPalAPISignature><payPalSandboxModeEnabled>false</payPalSandboxModeEnabled><paypalWaitMessage></paypalWaitMessage><alipayPaymentMethod>0</alipayPaymentMethod><alipayPartnerId>mmbw0qmJdpbWs0YWna+wUw==</alipayPartnerId><alipayPublicKey>mmbw0qmJdpbWs0YWna+wUw==</alipayPublicKey><orderCancelMessage></orderCancelMessage><orderSuccessMessage></orderSuccessMessage><allPayMerchantId></allPayMerchantId><allPayApplicationId></allPayApplicationId><pickUpEnabled>true</pickUpEnabled><deliveryEnabled>true</deliveryEnabled></pageConfig>