{"general":{"companyName":"Garuda Relish","brief":"Non Vegetarian"},"serviceDetails":{},"dayTime":{"monday":{},"tuesday":{},"wednesday":{},"thursday":{},"friday":{},"saturday":{},"sunday":{}},"locations":[{"address1":"","address2":"","city":"Dublin","state":"CA","zip":"94568","webSite":"","emails":[null],"telephone":""}],"categories":[{"name":"Seafood Dishes","uid":"488aee39-7f3d-9c8d-ffc8-dc0ee5e42e17","products":[{"name":"Shrimp Curry","uid":"0479f94e-c978-989b-0f12-613ba2c674d3","category":"Seafood Dishes","categoryUID":"488aee39-7f3d-9c8d-ffc8-dc0ee5e42e17","price":13.99,"isTaxExempted":"","description":"Prawns cooked in a curry with a special blend of herbs and spices.","imageName":"Shrimpcurry.jpg","urlInfo":"","orderPos":4,"options":[{"group":"Side","name":"Rice","charge":0,"minItems":0,"maxItems":0,"isShown":true,"isRequired":false},{"group":"Side","name":"Naan","charge":0,"minItems":0,"maxItems":1,"isShown":true,"isRequired":false},{"group":"Meal","name":"Rice,Naan & Salad","charge":0,"minItems":0,"maxItems":0,"isShown":true,"isRequired":false}],"sizes":[{"title":"Spice Level-Mild","price":13.99},{"title":"Spice Level-Medium","price":13.99},{"title":"Spice Level-Hot","price":13.99}]},{"name":"Fish Curry","uid":"1e8b9117-5a74-613c-f36f-01be85596e02","category":"Seafood Dishes","categoryUID":"488aee39-7f3d-9c8d-ffc8-dc0ee5e42e17","price":13.99,"isTaxExempted":"","description":"Fish cooked in a curry with a special blend of herbs and spices.","imageName":"Fishcurry.jpg","urlInfo":"","orderPos":4,"options":[{"group":"Side","name":"Rice","charge":0,"minItems":0,"maxItems":0,"isShown":true,"isRequired":false},{"group":"Side","name":"Naan","charge":0,"minItems":0,"maxItems":1,"isShown":true,"isRequired":false},{"group":"Meal","name":"Rice,Naan&Salad","charge":2,"minItems":0,"maxItems":0,"isShown":true,"isRequired":false}],"sizes":[{"title":"Spice Level-Mild","price":13.99},{"title":"Spice Level-Medium","price":13.99},{"title":"Spice Level-Hot","price":13.99}]},{"name":"Shrimp Masala","uid":"ee1a0797-1a60-12ff-3be5-97809d304f77","category":"Seafood Dishes","categoryUID":"488aee39-7f3d-9c8d-ffc8-dc0ee5e42e17","price":13.99,"isTaxExempted":"","description":"Prawns cooked with exotic spices and herbs in a creamy tomato based sauce","imageName":"Shrimpmasala.jpg","urlInfo":"","orderPos":4,"options":[{"group":"Side","name":"Rice","charge":0,"minItems":0,"maxItems":0,"isShown":true,"isRequired":false},{"group":"Side","name":"Naan","charge":0,"minItems":0,"maxItems":1,"isShown":true,"isRequired":false},{"group":"Meal","name":"Rice,Naan & Salad","charge":0,"minItems":0,"maxItems":0,"isShown":true,"isRequired":false}],"sizes":[{"title":"Spice Level-Mild","price":13.99},{"title":"Spice Level-Medium","price":13.99},{"title":"Spice Level-Hot","price":13.99}]},{"name":"Mango Fish Curry","uid":"adc8818f-bd39-2c92-6b5d-a02ae41f4071","category":"Seafood Dishes","categoryUID":"488aee39-7f3d-9c8d-ffc8-dc0ee5e42e17","price":13.99,"isTaxExempted":"","description":"Succulent pieces of fish cooked with mango in our special masala sauce.","imageName":"mangofish.jpg","urlInfo":"","orderPos":3,"options":[{"group":"Side","name":"Rice","charge":0,"minItems":0,"maxItems":0,"isShown":true,"isRequired":false},{"group":"Side","name":"Naan","charge":0,"minItems":0,"maxItems":0,"isShown":true,"isRequired":false},{"group":"Meal","name":"Rice,Naan & Salad","charge":2,"minItems":0,"maxItems":0,"isShown":true,"isRequired":false}],"sizes":[{"title":"Spice Level-Mild","price":13.99},{"title":"Spice Level-Medium","price":13.99},{"title":"Spice Level-Hot","price":13.99}]},{"name":"Malabar Fish Curry","uid":"a8529a15-8f1f-f614-7815-be652a1ac504","category":"Seafood Dishes","categoryUID":"488aee39-7f3d-9c8d-ffc8-dc0ee5e42e17","price":13.99,"isTaxExempted":"","description":"Succulent pieces of fish cooked in our special masala sauce","imageName":"","urlInfo":"","orderPos":4,"options":[{"group":"Side","name":"Rice","charge":0,"minItems":0,"maxItems":0,"isShown":true,"isRequired":false},{"group":"Side","name":"Naan","charge":0,"minItems":0,"maxItems":0,"isShown":true,"isRequired":false},{"group":"Meal","name":"Rice,Naan & Salad","charge":2,"minItems":0,"maxItems":0,"isShown":true,"isRequired":false}],"sizes":[{"title":"Spice Level-Mild","price":13.99},{"title":"Spice Level-Medium","price":13.99},{"title":"Spice Level-Hot","price":13.99}]},{"name":"Goan Fish Curry","uid":"89dfb602-850f-365c-4279-bddbd7b25806","category":"Seafood Dishes","categoryUID":"488aee39-7f3d-9c8d-ffc8-dc0ee5e42e17","price":13.99,"isTaxExempted":"","description":"Fish cooked in special Goan masala with coconut.","imageName":"Goanfish.jpg","urlInfo":"","orderPos":5,"options":[{"group":"Side","name":"Rice","charge":0,"minItems":0,"maxItems":0,"isShown":true,"isRequired":false},{"group":"Side","name":"Naan","charge":0,"minItems":0,"maxItems":0,"isShown":true,"isRequired":false}],"sizes":[{"title":"Spice Level-Mild","price":13.99},{"title":"Spice Level-Medium","price":13.99},{"title":"Spice Level-Hot","price":13.99}]}]},{"name":"Other Non Vegetarian","uid":"baaf05ea-a2a2-e600-0ebd-d152d0d53bd8","products":[{"name":"Chicken Chettinad","uid":"0c7bdd80-c411-df8a-b56a-6bbbc3592882","category":"Other Non Vegetarian","categoryUID":"baaf05ea-a2a2-e600-0ebd-d152d0d53bd8","price":11.99,"isTaxExempted":"","description":"Description:Chicken cooked in a chettinad style","imageName":"chettinad.jpg","urlInfo":"","orderPos":3,"options":[{"group":"Side","name":"Rice","charge":0,"minItems":0,"maxItems":0,"isShown":true,"isRequired":false},{"group":"Side","name":"Naan","charge":0,"minItems":0,"maxItems":1,"isShown":true,"isRequired":false},{"group":"Meal","name":"Rice,Naan & Salad","charge":2,"minItems":0,"maxItems":1,"isShown":true,"isRequired":false}],"sizes":[{"title":"Spice Level-Mild","price":11.99},{"title":"Spice Level-Medium","price":11.99},{"title":"Spice Level-Hot","price":11.99}]},{"name":"Kadai Chicken","uid":"b5fb2987-6000-7ae6-8701-17790db4a532","category":"Other Non Vegetarian","categoryUID":"baaf05ea-a2a2-e600-0ebd-d152d0d53bd8","price":11.99,"isTaxExempted":"","description":"Description:Traditional indian style chicken cooked with onions,tomatoes,bell pepper, dry chilli,garlic,ginger,herbs and spices","imageName":"KadaiCh.jpg","urlInfo":"","orderPos":4,"options":[{"group":"Side","name":"Rice","charge":0,"minItems":0,"maxItems":0,"isShown":true,"isRequired":false},{"group":"Side","name":"Naan","charge":0,"minItems":0,"maxItems":1,"isShown":true,"isRequired":false},{"group":"Meal","name":"Rice,Naan & Salad","charge":2,"minItems":0,"maxItems":1,"isShown":true,"isRequired":false}],"sizes":[{"title":"Spice level-Mild","price":11.99},{"title":"Spice Level-Medium","price":11.99},{"title":"Spice Level-Hot","price":11.99}]}]},{"name":"Non Vegetarian Snacks","uid":"eb53c9a2-0dd8-5548-fdb4-f1c5708673b1","products":[{"name":"Chicken Pakoras","uid":"892d9749-9aec-ed90-18bd-d2d70235aa53","category":"Non Vegetarian Snacks","categoryUID":"eb53c9a2-0dd8-5548-fdb4-f1c5708673b1","price":8.75,"isTaxExempted":"","description":"Crisp Deep Fried Chicken in a seasoned Lentil Batter.","imageName":"Chicken_Samosa_0000x0000_0.jpg","urlInfo":"","orderPos":0,"options":[{"group":"Group name","name":"Name 0","charge":0.99,"minItems":0,"maxItems":1,"isShown":true,"isRequired":false},{"group":"Group name","name":"Name 1","charge":0.99,"minItems":0,"maxItems":1,"isShown":true,"isRequired":false},{"group":"Group name","name":"Name 2","charge":0.99,"minItems":0,"maxItems":1,"isShown":true,"isRequired":false}],"sizes":[]}]},{"name":"Chicken Entrees","uid":"625993ad-5eaf-f527-34d5-29b405ed53db","products":[{"name":"Chicken Tikka Masala","uid":"257c9e72-1251-55b2-fba8-394c374c546f","category":"Chicken Entrees","categoryUID":"625993ad-5eaf-f527-34d5-29b405ed53db","price":12.95,"isTaxExempted":"","description":"Description:Pieces of chicken tikka cooked with exotic spices and herbs in a creamy tomato based sauce.","imageName":"ChickenTikka.png","urlInfo":"","orderPos":0,"options":[{"group":"Side","name":"Rice","charge":0,"minItems":0,"maxItems":0,"isShown":true,"isRequired":false},{"group":"Side","name":"Naan","charge":0,"minItems":0,"maxItems":1,"isShown":true,"isRequired":false},{"group":"Meal","name":"Rice,Naan & Salad","charge":2,"minItems":0,"maxItems":1,"isShown":true,"isRequired":false}],"sizes":[{"title":"Spice Level-Mild hot","price":12.95},{"title":"Spice Level-Medium hot","price":12.95},{"title":"Spice Level-Hot","price":12.95}]},{"name":"Coconut Chicken","uid":"08bb07d3-f87d-c60f-ee88-e17792a88302","category":"Chicken Entrees","categoryUID":"625993ad-5eaf-f527-34d5-29b405ed53db","price":11.99,"isTaxExempted":"","description":"Description:Chicken cooked in a delicious coconut curry","imageName":"CC.jpg","urlInfo":"","orderPos":1,"options":[{"group":"Group name","name":"Name 0","charge":0.99,"minItems":0,"maxItems":1,"isShown":true,"isRequired":false},{"group":"Group name","name":"Name 1","charge":0.99,"minItems":0,"maxItems":1,"isShown":true,"isRequired":false},{"group":"Group name","name":"Name 2","charge":0.99,"minItems":0,"maxItems":1,"isShown":true,"isRequired":false}],"sizes":[{"title":"Spice Level-Mild Hot","price":11.99},{"title":"Spice Level-Medium Hot","price":11.99},{"title":"Spice Level-Hot","price":11.99}]},{"name":"Haveli Chicken","uid":"d108ac0a-5282-a92b-0aa3-11cf17628230","category":"Chicken Entrees","categoryUID":"625993ad-5eaf-f527-34d5-29b405ed53db","price":11.99,"isTaxExempted":"","description":"Description:Chicken cooked in chef\\'s signature sauce with golden raisins and silvered nuts","imageName":"Chickencurry.jpg","urlInfo":"","orderPos":2,"options":[{"group":"Side","name":"Rice","charge":0,"minItems":0,"maxItems":0,"isShown":true,"isRequired":false},{"group":"Side","name":"Naan","charge":0,"minItems":0,"maxItems":0,"isShown":true,"isRequired":false},{"group":"Meal","name":"Rice,Naan & Salad","charge":2,"minItems":0,"maxItems":0,"isShown":true,"isRequired":false}],"sizes":[{"title":"Spice Level-Mild Hot","price":11.99},{"title":"Spice Level-Medium Hot","price":11.99},{"title":"Spice Level-Hot","price":11.99}]},{"name":"Andhra Chicken Curry(With bone)","uid":"fea155b1-2d04-fe1e-857e-1b24e8d9f47e","category":"Chicken Entrees","categoryUID":"625993ad-5eaf-f527-34d5-29b405ed53db","price":11.99,"isTaxExempted":"","description":"Description:Chicken cooked with exotic curry sauce in Andhra style","imageName":"andra.jpg","urlInfo":"","orderPos":3,"options":[{"group":"Side","name":"Rice","charge":0,"minItems":0,"maxItems":0,"isShown":true,"isRequired":false},{"group":"Side","name":"Naan","charge":0,"minItems":0,"maxItems":0,"isShown":true,"isRequired":false},{"group":"Meal","name":"Rice,Naan & Salad","charge":0,"minItems":0,"maxItems":1,"isShown":true,"isRequired":false}],"sizes":[{"title":"Spice Level-Mild","price":11.99},{"title":"Spice Level-Medium","price":11.99},{"title":"Spice Level-Hot","price":11.99}]},{"name":"Chicken Curry","uid":"d98bdc2c-77aa-5dcd-5211-b28257589c00","category":"Chicken Entrees","categoryUID":"625993ad-5eaf-f527-34d5-29b405ed53db","price":11.99,"isTaxExempted":"","description":"Description:Chicken cooked in a curry with a special blend of herbs and spices","imageName":"Chickencurry.jpg","urlInfo":"","orderPos":6,"options":[{"group":"Side","name":"Rice","charge":0,"minItems":0,"maxItems":0,"isShown":true,"isRequired":false},{"group":"Side","name":"Naan","charge":0,"minItems":0,"maxItems":1,"isShown":true,"isRequired":false},{"group":"Meal","name":"Rice,Naan & Salad","charge":2,"minItems":0,"maxItems":1,"isShown":true,"isRequired":false}],"sizes":[{"title":"Spice Level-Mild","price":11.99},{"title":"Spice Level-Medium","price":11.99},{"title":"Spice Level-Hot","price":11.99}]},{"name":"Chicken Saag","uid":"f30ab37b-aff8-7aae-3533-457d0b2bd7c0","category":"Chicken Entrees","categoryUID":"625993ad-5eaf-f527-34d5-29b405ed53db","price":11.99,"isTaxExempted":"","description":"Description:chicken cooked in garlic and spinach sauce blended with coriander seeds and ground cardamom.","imageName":"ChickenSaag.jpg","urlInfo":"","orderPos":1,"options":[{"group":"Side","name":"Rice","charge":0,"minItems":0,"maxItems":0,"isShown":true,"isRequired":false},{"group":"Side","name":"Naan","charge":0,"minItems":0,"maxItems":1,"isShown":true,"isRequired":false},{"group":"Meal","name":"Rice,Naan & Salad","charge":2,"minItems":0,"maxItems":1,"isShown":true,"isRequired":false}],"sizes":[{"title":"Spice Level-Mild","price":11.99},{"title":"Spice Level-Medium","price":11.99},{"title":"Spice Level-Hot","price":11.99}]},{"name":"Chicken Kurma","uid":"a2669a12-f622-7ef8-9768-fc77108cd1bf","category":"Chicken Entrees","categoryUID":"625993ad-5eaf-f527-34d5-29b405ed53db","price":12.99,"isTaxExempted":"","description":"Description:Chicken simmered in a delicate cream sauce and topped with golden raisin and nuts","imageName":"Chickenkurma.jpg","urlInfo":"","orderPos":1,"options":[{"group":"Side","name":"Rice","charge":0,"minItems":0,"maxItems":0,"isShown":true,"isRequired":false},{"group":"Side","name":"Naan","charge":0,"minItems":0,"maxItems":1,"isShown":true,"isRequired":false},{"group":"Meal","name":"Rice,Naan & Salad","charge":2,"minItems":0,"maxItems":1,"isShown":true,"isRequired":false}],"sizes":[{"title":"Spice Level-Mild Hot","price":12.99},{"title":"Spice Level-Medium Hot","price":12.99},{"title":"Spice Level-Hot","price":12.99}]},{"name":"Butter Chicken","uid":"f1c0b030-3e6c-d208-281f-c5bf96b6a858","category":"Chicken Entrees","categoryUID":"625993ad-5eaf-f527-34d5-29b405ed53db","price":11.99,"isTaxExempted":"","description":"Description:Chicken blended with butter exotic spices and herbs cooked in a creamy tomato based sauce topped with golden raisin and nuts","imageName":"butterchi.jpg","urlInfo":"","orderPos":1,"options":[{"group":"With","name":"Rice","charge":0,"minItems":0,"maxItems":1,"isShown":true,"isRequired":false},{"group":"With","name":"Naan","charge":0,"minItems":0,"maxItems":1,"isShown":true,"isRequired":false}],"sizes":[]},{"name":"Chilli Chicken","uid":"fd55a5dd-f97b-d7cd-3e3d-fe8b819e5f71","category":"Chicken Entrees","categoryUID":"625993ad-5eaf-f527-34d5-29b405ed53db","price":13.99,"isTaxExempted":"","description":"Description:Spicy masala chicken sauteed with bell peppers, tomatoes, onions, fresh garlic and exotic spice","imageName":"ChilliChicken.jpg","urlInfo":"","orderPos":2,"options":[{"group":"Group name","name":"Name 0","charge":0.99,"minItems":0,"maxItems":1,"isShown":true,"isRequired":false},{"group":"Group name","name":"Name 1","charge":0.99,"minItems":0,"maxItems":1,"isShown":true,"isRequired":false},{"group":"Group name","name":"Name 2","charge":0.99,"minItems":0,"maxItems":1,"isShown":true,"isRequired":false}],"sizes":[{"title":"Spice Level- Mild Hot","price":13.99},{"title":"Spice Level- Medium Hot","price":13.99},{"title":"Spice Level- Hot","price":13.99}]},{"name":"Methi Chicken","uid":"c1eab7db-702c-a657-cd27-c5bfbbc70324","category":"Chicken Entrees","categoryUID":"625993ad-5eaf-f527-34d5-29b405ed53db","price":12.99,"isTaxExempted":"","description":"Methi Chicken","imageName":"Methichicken.jpg","urlInfo":"","orderPos":2,"options":[{"group":"Side ","name":"Rice","charge":0,"minItems":0,"maxItems":0,"isShown":true,"isRequired":false},{"group":"Side","name":"Naan","charge":0,"minItems":0,"maxItems":1,"isShown":true,"isRequired":false},{"group":"Meal","name":"Rice, Naan & Salad","charge":0,"minItems":0,"maxItems":1,"isShown":true,"isRequired":false}],"sizes":[{"title":"Spice Level- Mild Hot","price":12.99},{"title":"Spice Level- Medium Hot","price":12.99},{"title":"Spice Level- Hot","price":12.99}]},{"name":"Lal Mirchi Chicken","uid":"bc0acdd3-5770-5123-1e3a-386c570c8833","category":"Chicken Entrees","categoryUID":"625993ad-5eaf-f527-34d5-29b405ed53db","price":11.99,"isTaxExempted":"","description":"Boneless Chicken curry with redbell pepper sauce.","imageName":"Lalmirch.jpg","urlInfo":"","orderPos":3,"options":[{"group":"Rice Or Naan","name":"Rice","charge":0.99,"minItems":0,"maxItems":1,"isShown":true,"isRequired":false},{"group":"Rice or Naan","name":"Naan","charge":0.99,"minItems":0,"maxItems":1,"isShown":true,"isRequired":false},{"group":"Meal","name":"Rice , Naan and Salad","charge":2,"minItems":0,"maxItems":0,"isShown":true,"isRequired":false}],"sizes":[]},{"name":"Chicken Pepper Masala","uid":"4485eae0-a7fe-ae3d-4d76-3d0b089a76d7","category":"Chicken Entrees","categoryUID":"625993ad-5eaf-f527-34d5-29b405ed53db","price":11.99,"isTaxExempted":"","description":"Description:chicken with bone cooked with tomatoes, caramelized onions, pepper and spices ava","imageName":"Chickenpepper.jpg","urlInfo":"","orderPos":3,"options":[{"group":"Side","name":"Rice","charge":0,"minItems":0,"maxItems":0,"isShown":true,"isRequired":false},{"group":"Side","name":"Naan","charge":0,"minItems":0,"maxItems":1,"isShown":true,"isRequired":false},{"group":"Meal","name":"Rice, Naan & Salad","charge":0,"minItems":0,"maxItems":1,"isShown":true,"isRequired":false}],"sizes":[{"title":"Spice Level- Mild Hot","price":11.99},{"title":"Spice Level- Medium Hot","price":11.99},{"title":"Spice Level- Hot","price":11.99}]},{"name":"Chicken Vindaloo","uid":"457d5073-9a5e-d73d-7326-a8dc29bb1e8e","category":"Chicken Entrees","categoryUID":"625993ad-5eaf-f527-34d5-29b405ed53db","price":11.99,"isTaxExempted":"","description":"Spicy curried goan dish-marinated chicken cooked with potato, fresh herbs and spices and sauce.","imageName":"ChickenVindaloo.jpg","urlInfo":"","orderPos":2,"options":[{"group":"Side","name":"Rice","charge":0,"minItems":0,"maxItems":0,"isShown":true,"isRequired":false},{"group":"Side","name":"Naan","charge":0,"minItems":0,"maxItems":1,"isShown":true,"isRequired":false},{"group":"Meal","name":"Rice,Naan & Salad","charge":0,"minItems":0,"maxItems":0,"isShown":true,"isRequired":false}],"sizes":[{"title":"Spice Level-Mild","price":11.99},{"title":"Spice Level-Medium","price":11.99},{"title":"Spice Level-Hot","price":11.99}]}]},{"name":"Indian Breads","uid":"d649676c-e6ce-6092-f99f-73f6f4cc8685","products":[{"name":"Tandoori Roti","uid":"6e1ccc74-3aa0-57b4-4f15-85f412650d6e","category":"Indian Breads","categoryUID":"d649676c-e6ce-6092-f99f-73f6f4cc8685","price":2.99,"isTaxExempted":"","description":"Unleavened flat bread made with whole wheat flour and baked in clay oven(tandoor). We can make a different kinds of bread as below for your taste.","imageName":"TandooriNaan.jpg","urlInfo":"","orderPos":0,"options":[],"sizes":[]},{"name":"Plain /Butter Naan","uid":"e0b9650a-4a59-203a-bf80-9e2ce50d81a2","category":"Indian Breads","categoryUID":"d649676c-e6ce-6092-f99f-73f6f4cc8685","price":2.25,"isTaxExempted":"","description":"Plain/ Butter Naan","imageName":"Plainnaan.jpg","urlInfo":"","orderPos":1,"options":[],"sizes":[]},{"name":"Onion Naan","uid":"78b78e84-3554-8aac-c4e7-1374e4ffe7a3","category":"Indian Breads","categoryUID":"d649676c-e6ce-6092-f99f-73f6f4cc8685","price":3.5,"isTaxExempted":"","description":"Layered Flat Bread, stuffed with seasoned onions and spices.","imageName":"Onionnaan.jpg","urlInfo":"","orderPos":2,"options":[],"sizes":[]},{"name":"Aloo Naan","uid":"46a5dee1-fb6e-78db-2863-5d024b504dd9","category":"Indian Breads","categoryUID":"d649676c-e6ce-6092-f99f-73f6f4cc8685","price":3.5,"isTaxExempted":"","description":"Layered bread stuffed with potatoes. ","imageName":"aloonaan.jpg","urlInfo":"","orderPos":3,"options":[],"sizes":[]},{"name":"Garlic Naan","uid":"ce22b118-1327-1fec-01fa-aedf3f631a83","category":"Indian Breads","categoryUID":"d649676c-e6ce-6092-f99f-73f6f4cc8685","price":2.99,"isTaxExempted":"","description":"Layered flatbread topped in garlic and baked in tandoor.","imageName":"garlicnaan.jpg","urlInfo":"","orderPos":4,"options":[],"sizes":[]},{"name":"Paneer Naan","uid":"bbf7cb23-0517-26b4-181e-743f4d6640ec","category":"Indian Breads","categoryUID":"d649676c-e6ce-6092-f99f-73f6f4cc8685","price":4,"isTaxExempted":"","description":"Layered Flat Bread stuffed with seasoned Paneer.","imageName":"Paneernaan.jpg","urlInfo":"","orderPos":5,"options":[],"sizes":[]},{"name":"Haveli Naan","uid":"488b2f70-cae5-2a62-6e15-33babafa27d6","category":"Indian Breads","categoryUID":"d649676c-e6ce-6092-f99f-73f6f4cc8685","price":4.25,"isTaxExempted":"","description":"Haveli Naan","imageName":"Havelinaan.jpg","urlInfo":"","orderPos":6,"options":[],"sizes":[]},{"name":"Spinach Naan","uid":"e11c6972-8fe9-0b86-3c23-0957bd195c4e","category":"Indian Breads","categoryUID":"d649676c-e6ce-6092-f99f-73f6f4cc8685","price":3.5,"isTaxExempted":"","description":"Layered Flat Bread, stuffed with seasoned spinach.","imageName":"spinachnaan.jpg","urlInfo":"","orderPos":7,"options":[],"sizes":[]}]},{"name":"Biryani & Rice","uid":"372bead8-dda4-84f7-3ba1-a9f0908d2c58","products":[]},{"name":"Appetizers","uid":"db0df478-81e5-007b-54cf-54fb1b1c3d15","products":[{"name":"Chicken Pakoras","uid":"076c16ca-0efd-a267-02ce-58bd01dce2ea","category":"Appetizers","categoryUID":"db0df478-81e5-007b-54cf-54fb1b1c3d15","price":8.75,"isTaxExempted":"","description":"My description","imageName":"","urlInfo":"","orderPos":0,"options":[],"sizes":[]},{"name":"Masala Chicken Fry","uid":"140ea7a0-dbf8-05f1-4ecc-0eb0329dff33","category":"Appetizers","categoryUID":"db0df478-81e5-007b-54cf-54fb1b1c3d15","price":9.5,"isTaxExempted":"","description":"Description:Boneless chicken pan cooked with onions and spice","imageName":"","urlInfo":"","orderPos":5,"options":[],"sizes":[{"title":"Spice Level-Mild Hot","price":9.5},{"title":"Spice Level-Medium Hot","price":9.5},{"title":"Spice Level- Hot","price":9.5}]}]},{"name":"Tandoori Entrees","uid":"23dd37d2-e759-318d-797a-ca38869c02de","products":[{"name":"Tandoori Chicken","uid":"1da5ce70-45b2-c5c2-7955-9efb00f42eb7","category":"Tandoori Entrees","categoryUID":"23dd37d2-e759-318d-797a-ca38869c02de","price":10.95,"isTaxExempted":"","description":"Description:Chicken leg marinated in yogurt flavored with ginger,cilantro,lemon & a blend of herbs & spices.\n\nThis tastes great with green mint chutney and lemon.","imageName":"TandooriChicken.jpg","urlInfo":"","orderPos":0,"options":[],"sizes":[{"title":"Spice Level-Mild Hot","price":10.95},{"title":"Spice Level-Medium Hot","price":10.95},{"title":"Spice Level-Hot","price":10.95}]},{"name":"Tandoori Chicken Tikka(Boneless)","uid":"5e4295b4-0a1b-1732-e00a-7680e0497328","category":"Tandoori Entrees","categoryUID":"23dd37d2-e759-318d-797a-ca38869c02de","price":10.95,"isTaxExempted":"","description":"Description:Cubes of boneless chicken breast marinated in yogurt flavoured with giner,cilantro,lemon & a unique blend of herbs & spices","imageName":"Tandoorichickentikka.jpg","urlInfo":"","orderPos":1,"options":[],"sizes":[{"title":"Spice Level-Mild Hot","price":10.95},{"title":"Spice Level-Medium Hot","price":10.95},{"title":"Spice Level-Hot","price":10.95}]}]},{"name":"Lamb Entrees","uid":"7396274b-1596-8898-d54e-f94f5820efb4","products":[{"name":"Lamb Vindaloo","uid":"a6620559-976f-2c81-543b-1fa056b6173e","category":"Lamb Entrees","categoryUID":"7396274b-1596-8898-d54e-f94f5820efb4","price":13.99,"isTaxExempted":"","description":"Lamb VindalooDescription:Spicy , curried goan dish- marinated lamb cooked with potatoes fresh herbs and spices in a tasty sauce.","imageName":"lambvindaloo.jpg","urlInfo":"","orderPos":0,"options":[{"group":"Side","name":"Rice","charge":0,"minItems":0,"maxItems":0,"isShown":true,"isRequired":false},{"group":"Side","name":"Naan","charge":0,"minItems":0,"maxItems":0,"isShown":true,"isRequired":false},{"group":"Meal","name":"Rice,Naan $ Salad","charge":2,"minItems":0,"maxItems":0,"isShown":true,"isRequired":false}],"sizes":[{"title":"Spice Level-Mild Hot","price":0},{"title":"Spice Level-Medium Hot","price":0},{"title":"Spice Level-Hot","price":0}]},{"name":"Lamb Curry","uid":"cdb8477b-b1e7-c647-eab5-0daf2b3fc4e5","category":"Lamb Entrees","categoryUID":"7396274b-1596-8898-d54e-f94f5820efb4","price":13.99,"isTaxExempted":"","description":"Description:Marinated lamb cooked in a savory gravy with fresh herbs and spices","imageName":"lambcurry.jpg","urlInfo":"","orderPos":1,"options":[{"group":"Side","name":"Rice","charge":0,"minItems":0,"maxItems":0,"isShown":true,"isRequired":false},{"group":"Side","name":"Naan","charge":0,"minItems":0,"maxItems":0,"isShown":true,"isRequired":false},{"group":"Meal","name":"Rice, Naan and Salad","charge":0,"minItems":0,"maxItems":1,"isShown":true,"isRequired":false}],"sizes":[{"title":"Spice Level-Mild Hot","price":0},{"title":"Spice Level-Medium Hot","price":0},{"title":"Spice Level-Hot","price":0}]},{"name":"Lamb Saag","uid":"dd758359-5554-65c9-09ea-b3894b7a34aa","category":"Lamb Entrees","categoryUID":"7396274b-1596-8898-d54e-f94f5820efb4","price":13.99,"isTaxExempted":"","description":"Description:Lamb cooked in a garlic and Spinach sauce blended with coriander seed and ground cardemon","imageName":"LambSaag.jpg","urlInfo":"","orderPos":2,"options":[{"group":"Side","name":"Rice","charge":0,"minItems":0,"maxItems":0,"isShown":true,"isRequired":false},{"group":"Side","name":"Naan","charge":0,"minItems":0,"maxItems":0,"isShown":true,"isRequired":false},{"group":"Meal","name":"Rice,Naan & Salad","charge":0,"minItems":0,"maxItems":0,"isShown":true,"isRequired":false}],"sizes":[{"title":"Spice Level-Mild Hot","price":0},{"title":"Spice Level-Medium Hot","price":0},{"title":"Spice Level-Hot","price":0}]},{"name":"Lamb Rogan Josh","uid":"1e50ac56-60b9-065a-eaaa-5d6fadd601ee","category":"Lamb Entrees","categoryUID":"7396274b-1596-8898-d54e-f94f5820efb4","price":13.99,"isTaxExempted":"","description":"Description:Boneless lamb pieces simmered in a ginger and tomato based sauce","imageName":"Lambrogan.jpg","urlInfo":"","orderPos":3,"options":[{"group":"Side","name":"Rice","charge":0,"minItems":0,"maxItems":0,"isShown":true,"isRequired":false},{"group":"Side","name":"Naan","charge":0,"minItems":0,"maxItems":0,"isShown":true,"isRequired":false},{"group":"Meal","name":"Rice, Naan and Salad","charge":2,"minItems":0,"maxItems":0,"isShown":true,"isRequired":false}],"sizes":[{"title":"Spice Level-Mild Hot","price":0},{"title":"Spice Level- Medium Hot","price":0},{"title":"Spice Level-Hot","price":0}]},{"name":"Lamb  Dalcha","uid":"8d8d5973-506b-6ded-9887-d8adb82ccb55","category":"Lamb Entrees","categoryUID":"7396274b-1596-8898-d54e-f94f5820efb4","price":13.99,"isTaxExempted":"","description":"Description:Lamb curry cooked with channa daal(lentils)","imageName":"lambdalcha.jpg","urlInfo":"","orderPos":4,"options":[{"group":"Side","name":"Rice","charge":0,"minItems":0,"maxItems":0,"isShown":true,"isRequired":false},{"group":"Side","name":"Naan","charge":0,"minItems":0,"maxItems":0,"isShown":true,"isRequired":false},{"group":"Meal","name":"Rice, Naan & Salad","charge":2,"minItems":0,"maxItems":1,"isShown":true,"isRequired":false}],"sizes":[{"title":"Spice Level-Mild Hot","price":0},{"title":"Spice Level-Medium Hot","price":0},{"title":"Spice Level-Hot","price":0}]},{"name":"Lamb Chettinad","uid":"3f4447e1-ead4-45b5-5294-e5182f2bdd28","category":"Lamb Entrees","categoryUID":"7396274b-1596-8898-d54e-f94f5820efb4","price":13.99,"isTaxExempted":"","description":"Description:Lamb cooked in Chettinad style. Chettinad is a place in India.","imageName":"lambchettinad.jpg","urlInfo":"","orderPos":5,"options":[{"group":"Side","name":"Rice","charge":0,"minItems":0,"maxItems":0,"isShown":true,"isRequired":false},{"group":"Side","name":"Naan","charge":0,"minItems":0,"maxItems":0,"isShown":true,"isRequired":false},{"group":"Meal","name":"Rice,Naan &Salad","charge":2,"minItems":0,"maxItems":0,"isShown":true,"isRequired":false}],"sizes":[{"title":"Spice Level-Mild Hot","price":0},{"title":"Spice Level-Medium Hot","price":0},{"title":"Spice Level-Hot","price":0}]},{"name":"Nizhami Lamb Curry","uid":"d8fe03f6-8e40-9bd8-1eb5-01bd3aefbb08","category":"Lamb Entrees","categoryUID":"7396274b-1596-8898-d54e-f94f5820efb4","price":13.99,"isTaxExempted":"","description":"Description:Special house recipe lamb curry","imageName":"Nizhami.jpg","urlInfo":"","orderPos":6,"options":[{"group":"Side","name":"Rice","charge":0,"minItems":0,"maxItems":0,"isShown":true,"isRequired":false},{"group":"Side","name":"Naan","charge":0,"minItems":0,"maxItems":0,"isShown":true,"isRequired":false},{"group":"Meal","name":"Rice,Naan & Salad","charge":0,"minItems":0,"maxItems":0,"isShown":true,"isRequired":false}],"sizes":[{"title":"Spice Level-Mild Hot","price":0},{"title":"Spice Level-Medium Hot","price":0},{"title":"Spice Level-Hot","price":0}]},{"name":"Kadai Lamb","uid":"3a2ab144-6e60-2f87-a760-2302bf47570d","category":"Lamb Entrees","categoryUID":"7396274b-1596-8898-d54e-f94f5820efb4","price":13.99,"isTaxExempted":"","description":"Description:Traditional Indian style lamb cooked with onions,tomatoes,bell pepper,dry chilli,garlic ginger,herbd and spices.","imageName":"Kadailamb.jpg","urlInfo":"","orderPos":7,"options":[{"group":"Side","name":"Rice","charge":0,"minItems":0,"maxItems":0,"isShown":true,"isRequired":false},{"group":"Side","name":"Naan","charge":0,"minItems":0,"maxItems":0,"isShown":true,"isRequired":false},{"group":"Meal","name":"Rice,Naan & Salad","charge":0,"minItems":0,"maxItems":0,"isShown":true,"isRequired":false}],"sizes":[{"title":"Spice Level-Mild Hot","price":0},{"title":"Spice Level-Medium Hot","price":0},{"title":"Spice Level-Hot","price":0}]},{"name":"Lamb Sukha","uid":"ccba3b7f-59fe-5a9f-623a-66bf39f06691","category":"Lamb Entrees","categoryUID":"7396274b-1596-8898-d54e-f94f5820efb4","price":13.99,"isTaxExempted":"","description":"Description: Lamb cooked in spicy dry masala with coconut","imageName":"Sukhalamb.jpg","urlInfo":"","orderPos":8,"options":[{"group":"Side","name":"Rice","charge":0,"minItems":0,"maxItems":0,"isShown":true,"isRequired":false},{"group":"Side","name":"Naan","charge":0,"minItems":0,"maxItems":0,"isShown":true,"isRequired":false},{"group":"Meal","name":"Rice,Naan & Salad","charge":0,"minItems":0,"maxItems":0,"isShown":true,"isRequired":false}],"sizes":[{"title":"Spice Level-Mild Hot","price":0},{"title":"Spice Level-Medium Hot","price":0},{"title":"Spice level-Hot","price":0}]},{"name":"Lamb Pepper Masala","uid":"39fa7ebb-61eb-271d-e7e9-57f451b41b27","category":"Lamb Entrees","categoryUID":"7396274b-1596-8898-d54e-f94f5820efb4","price":13.99,"isTaxExempted":"","description":"Description: Lamb cooked with tomatoes,caramelized onions, pepper and spices.\n","imageName":"LambPepper.jpg","urlInfo":"","orderPos":9,"options":[{"group":"Side","name":"Rice","charge":0,"minItems":0,"maxItems":0,"isShown":true,"isRequired":false},{"group":"Side","name":"Naan","charge":0,"minItems":0,"maxItems":0,"isShown":true,"isRequired":false},{"group":"Meal","name":"Rice,Naan& Salad","charge":2,"minItems":0,"maxItems":0,"isShown":true,"isRequired":false}],"sizes":[{"title":"Spice Level-Mild Hot","price":0},{"title":"Spice Level-Medium Hot","price":0},{"title":"Spice Level-Hot","price":0}]},{"name":"Goat Curry","uid":"46a5fdf3-ea0f-2a1e-7f42-81bb1cff9605","category":"Lamb Entrees","categoryUID":"7396274b-1596-8898-d54e-f94f5820efb4","price":13.99,"isTaxExempted":"","description":"Description: Mainated goat pieces cooked in savory gravy with fresh herbs and spices","imageName":"Goatcurry.jpg","urlInfo":"","orderPos":10,"options":[{"group":"Side","name":"Rice","charge":0,"minItems":0,"maxItems":0,"isShown":true,"isRequired":false},{"group":"Side","name":"Naan","charge":0,"minItems":0,"maxItems":0,"isShown":true,"isRequired":false},{"group":"Meal","name":"Rice,Naan & Salad","charge":2,"minItems":0,"maxItems":0,"isShown":true,"isRequired":false}],"sizes":[{"title":"Spice Level-Mild Hot","price":0},{"title":"Spice Level-Medium Hot","price":0},{"title":"Spice Level-Hot","price":0}]}]}]}