{"general":{"companyName":"Garuda Relish","brief":"Vegetarian"},"serviceDetails":{},"dayTime":{"monday":{},"tuesday":{},"wednesday":{},"thursday":{},"friday":{},"saturday":{},"sunday":{}},"locations":[{"address1":"","address2":"","city":"Dublin","state":"CA","zip":"94568","webSite":"","emails":[null],"telephone":"","latitude":"","longitude":""}],"categories":[{"name":"Indian Breads","uid":"c0809208-da98-82f6-cff7-6b8385d290f9","products":[{"name":"Tandoori Roti","uid":"3a90ec2b-ccaa-0ea6-da27-4ce943ae25bc","category":"Indian Breads","categoryUID":"c0809208-da98-82f6-cff7-6b8385d290f9","price":2.99,"isTaxExempted":"","description":"Description:Unleavened flat bread made with whole wheat flour & baked in tandoor(clay oven)","imageName":"TandooriRoti.jpg","urlInfo":"","orderPos":0,"options":[],"sizes":[]},{"name":"Plain/Butter Naan","uid":"4955e0d4-9fbf-0274-7edb-ac6c4cecbae0","category":"Indian Breads","categoryUID":"c0809208-da98-82f6-cff7-6b8385d290f9","price":2.25,"isTaxExempted":"","description":"Tandoori Naan Layered with butter or plain.","imageName":"Butternaan.jpg","urlInfo":"","orderPos":1,"options":[],"sizes":[]},{"name":"Onion Naan","uid":"d6efe637-656f-b6d5-534e-a839388369a6","category":"Indian Breads","categoryUID":"c0809208-da98-82f6-cff7-6b8385d290f9","price":3.5,"isTaxExempted":"","description":"Description:Levened flat bread stuffed with seasoned onions & baked in tandoor(clay oven)","imageName":"Onionnaan.jpg","urlInfo":"","orderPos":2,"options":[],"sizes":[]},{"name":"Aloo Naan","uid":"1d5de70f-a78c-f8cc-0fd0-64fa1d8cd005","category":"Indian Breads","categoryUID":"c0809208-da98-82f6-cff7-6b8385d290f9","price":3.5,"isTaxExempted":"","description":"Description:Levened flat bread stuffed with seasoned potatoes & baked in tandoor(clay oven)","imageName":"aloonaan.jpg","urlInfo":"","orderPos":3,"options":[],"sizes":[]},{"name":"Garlic Naan","uid":"f399a0c7-0682-b75d-c699-9ad0fda116f1","category":"Indian Breads","categoryUID":"c0809208-da98-82f6-cff7-6b8385d290f9","price":2.99,"isTaxExempted":"","description":"Description:Levened flat bread stuffed with seasoned potatoes & baked in tandoor(clay oven)","imageName":"garlicnaan.jpg","urlInfo":"","orderPos":4,"options":[],"sizes":[]},{"name":"Paneer Naan","uid":"c86265b1-aad6-514f-ea26-da2d6440f411","category":"Indian Breads","categoryUID":"c0809208-da98-82f6-cff7-6b8385d290f9","price":4,"isTaxExempted":"","description":"Description:Levened flat bread topped with garlic & baked in tandoor(clay oven)","imageName":"Paneernaan.jpg","urlInfo":"","orderPos":5,"options":[],"sizes":[]},{"name":"Haveli Naan","uid":"78f1bc3f-7a21-4dbe-c358-f6718c9d1e3d","category":"Indian Breads","categoryUID":"c0809208-da98-82f6-cff7-6b8385d290f9","price":4.25,"isTaxExempted":"","description":"Description:Levened flat bread stuffed seasoned paneer & baked in tandoor(clay oven)","imageName":"Havelinaan.jpg","urlInfo":"","orderPos":6,"options":[],"sizes":[]},{"name":"Spinach Naan","uid":"3f9fcfea-df6c-80c5-d797-c7efad00a1a1","category":"Indian Breads","categoryUID":"c0809208-da98-82f6-cff7-6b8385d290f9","price":3.75,"isTaxExempted":"","description":"Description:Leavened flat bread stuffed with seasoned spinach & baked in tandoor(clay oven)","imageName":"spinachnaan.jpg","urlInfo":"","orderPos":7,"options":[],"sizes":[]}]},{"name":"Biryani and Rice","uid":"aa03ada1-4f8e-e5e5-59ca-39b01937032f","products":[{"name":"Basmati Rice","uid":"7e514365-e801-95b7-667d-2a04ef9335da","category":"Biryani and Rice","categoryUID":"aa03ada1-4f8e-e5e5-59ca-39b01937032f","price":2.25,"isTaxExempted":"","description":"Rice cooked in rich Basmati Grain. Basmati is a long grain and its aroma and taste is unlike anyother grain.","imageName":"basmati.jpg","urlInfo":"","orderPos":0,"options":[],"sizes":[]},{"name":"Lucknowi Veg Biryani","uid":"773bbb19-337e-b50c-2be9-17d194aeb4a5","category":"Biryani and Rice","categoryUID":"aa03ada1-4f8e-e5e5-59ca-39b01937032f","price":11.99,"isTaxExempted":"","description":"Lucknowi Veg Biryani. Spiced veg layerd in between. Lucknow is a city in India with a rich heritage from old times.","imageName":"lucknow.jpg","urlInfo":"","orderPos":1,"options":[],"sizes":[{"title":"Spice level-Mild Hot","price":11.99},{"title":"Spice level-Medium Hot","price":11.99},{"title":"Spice Level-Hot","price":11.99}]}]},{"name":"Appetizers","uid":"6d393f42-6d8b-7e51-6df7-07da80cf6693","products":[{"name":"Veg Pakoras","uid":"45423b1d-a5c9-c816-b6af-9529bae93b78","category":"Appetizers","categoryUID":"6d393f42-6d8b-7e51-6df7-07da80cf6693","price":6.75,"isTaxExempted":"","description":" Pakora-Deep fried in a seasoned lentil batter until crisp. When eaten with  Mint chutney(sauce) and sweet sauce or Masala Ketchup, it tastes amazing . Try it.","imageName":"Pakoras.jpg","urlInfo":"","orderPos":0,"options":[{"group":"Pakora","name":"Onion Pakora","charge":6.75,"minItems":0,"maxItems":0,"isShown":true,"isRequired":false},{"group":"Pakora","name":"Pakora made of Mix Veg","charge":6.75,"minItems":0,"maxItems":0,"isShown":true,"isRequired":false},{"group":"Pakora","name":"Pakora made of Paneer(Cottage cheese)","charge":6.75,"minItems":0,"maxItems":0,"isShown":true,"isRequired":false}],"sizes":[]},{"name":"Veg Samosa","uid":"6d7bddf0-bfed-b977-94c5-59041d15c609","category":"Appetizers","categoryUID":"6d393f42-6d8b-7e51-6df7-07da80cf6693","price":2.99,"isTaxExempted":"","description":"Deep fried with potato until crisp. Enjoy with mint, sweet chutney. You can also savor it with spicy ketcup at your home.","imageName":"","urlInfo":"","orderPos":2,"options":[],"sizes":[{"title":" A Plate has two pieces of Samosas","price":3.99}]},{"name":"Haveli Veggie Platter","uid":"271d6d7a-7a1a-68fd-4616-353adddfff78","category":"Appetizers","categoryUID":"6d393f42-6d8b-7e51-6df7-07da80cf6693","price":8.99,"isTaxExempted":"","description":"An assortment of Samosas, Pakoras and Aloo Tikki.Enjoy with Mint Chutney and Sweet and sour ketchup or sauce. Add a tea to this for best experience","imageName":"","urlInfo":"","orderPos":1,"options":[],"sizes":[{"title":"One Plate","price":8.99}]}]},{"name":"Vegetarian Entrees","uid":"ed870664-72f3-0d36-2581-43d2f798ac16","products":[{"name":"Methi Aloo Mutter","uid":"4b871085-18d3-bb9b-4163-56ca21fac55f","category":"Vegetarian Entrees","categoryUID":"ed870664-72f3-0d36-2581-43d2f798ac16","price":9.99,"isTaxExempted":"","description":"Description:Fenugreek leaves,potatoes & peas cooked in an onion & tomato based sauce","imageName":"Methialoo.jpg","urlInfo":"","orderPos":0,"options":[{"group":"Side","name":"Rice","charge":0,"minItems":0,"maxItems":0,"isShown":true,"isRequired":false},{"group":"Side","name":"Naan","charge":0,"minItems":0,"maxItems":0,"isShown":true,"isRequired":false},{"group":"Meal","name":"Naan, Rice and Salad","charge":2,"minItems":0,"maxItems":0,"isShown":true,"isRequired":false}],"sizes":[{"title":"Spice level-Mild Hot","price":9.99},{"title":"Spice Level- Medium Hot","price":9.99},{"title":"Spice Level-Hot","price":9.99}]},{"name":"Mutter Mushroom","uid":"8609b535-c0eb-01e8-99b2-3ad9ae12fbef","category":"Vegetarian Entrees","categoryUID":"ed870664-72f3-0d36-2581-43d2f798ac16","price":9.99,"isTaxExempted":"","description":"Description:Mushroom & peas cooked in a spicy masala sauce with coriander,onions & tomatoes","imageName":"Muttermushroom.jpg","urlInfo":"","orderPos":1,"options":[{"group":"Side","name":"Rice","charge":0,"minItems":0,"maxItems":0,"isShown":true,"isRequired":false},{"group":"Side","name":"Naan","charge":0,"minItems":0,"maxItems":0,"isShown":true,"isRequired":false},{"group":"Meal","name":"Rice, Naan and Salad","charge":2,"minItems":0,"maxItems":0,"isShown":true,"isRequired":false}],"sizes":[{"title":"Spice Level-Mild Hot","price":9.99},{"title":"Spice Level-Medium Hot","price":9.99},{"title":"Spice Level-Hot","price":9.99}]},{"name":"Aloo Mutter","uid":"c97bfa97-af8b-a159-46c0-f4bb5a19be24","category":"Vegetarian Entrees","categoryUID":"ed870664-72f3-0d36-2581-43d2f798ac16","price":9.99,"isTaxExempted":"","description":"Description:Traditional gujrati dish - potatoes & peas cooked in a spicy masala with coriander,onions & tomatoes","imageName":"aloomutter.jpg","urlInfo":"","orderPos":2,"options":[{"group":"Side","name":"Rice","charge":0,"minItems":0,"maxItems":0,"isShown":true,"isRequired":false},{"group":"Side","name":"Naan","charge":0,"minItems":0,"maxItems":0,"isShown":true,"isRequired":false},{"group":"Meal","name":"Rice, Naan and Salad","charge":2,"minItems":0,"maxItems":0,"isShown":true,"isRequired":false}],"sizes":[{"title":"Spice level- Mild Hot","price":9.99},{"title":"Spice Level-Medium Hot","price":9.99},{"title":"Spice Level-Hot","price":9.99}]},{"name":"Aloo Gobi","uid":"54ec1f1b-16de-54a8-25b4-b0ea7ef33938","category":"Vegetarian Entrees","categoryUID":"ed870664-72f3-0d36-2581-43d2f798ac16","price":9.99,"isTaxExempted":"","description":"Description:Potatoes & couliflower sauteed with ginger ,garlic & freshly ground spices","imageName":"Aloogobi.jpg","urlInfo":"","orderPos":3,"options":[{"group":"Side","name":"Rice","charge":0,"minItems":0,"maxItems":0,"isShown":true,"isRequired":false},{"group":"Side","name":"Naan","charge":0,"minItems":0,"maxItems":0,"isShown":true,"isRequired":false},{"group":"Meal","name":"Rice, Naan and Salad","charge":2,"minItems":0,"maxItems":0,"isShown":true,"isRequired":false}],"sizes":[{"title":"Spice level-Mild Hot","price":9.99},{"title":"Spice Level-Medium Hot","price":9.99},{"title":"Spice Level-Hot","price":9.99}]},{"name":"Aloo Saag","uid":"62f3b595-fb23-0bb0-015a-818f555f1f31","category":"Vegetarian Entrees","categoryUID":"ed870664-72f3-0d36-2581-43d2f798ac16","price":9.99,"isTaxExempted":"","description":"Description:Potatoes cooked in creamy spinach sauce blended with unique spices.","imageName":"aloosaag.jpg","urlInfo":"","orderPos":4,"options":[{"group":"Side","name":"Rice","charge":0,"minItems":0,"maxItems":0,"isShown":true,"isRequired":false},{"group":"Side","name":"Naan","charge":0,"minItems":0,"maxItems":0,"isShown":true,"isRequired":false},{"group":"Meal","name":"Rice, Naan and Salad","charge":2,"minItems":0,"maxItems":0,"isShown":true,"isRequired":false}],"sizes":[{"title":"Spice Level-Mild Hot","price":9.99},{"title":"Spice Level-Medium Hot","price":9.99},{"title":"Spice Level-Hot","price":9.99}]},{"name":"Dal Makhani","uid":"fd26c8de-ffba-4d5d-0af4-99a873256824","category":"Vegetarian Entrees","categoryUID":"ed870664-72f3-0d36-2581-43d2f798ac16","price":9.99,"isTaxExempted":"","description":"Description:Lentil soup cooked with fresh ginger,butter,garlic & exotic blend of herbs & spice","imageName":"DalMakhani.jpg","urlInfo":"","orderPos":5,"options":[{"group":"Side","name":"Rice","charge":0,"minItems":0,"maxItems":0,"isShown":true,"isRequired":false},{"group":"Side","name":"Naan","charge":0,"minItems":0,"maxItems":0,"isShown":true,"isRequired":false},{"group":"Meal","name":"Rice,Naan and Salad","charge":2,"minItems":0,"maxItems":0,"isShown":true,"isRequired":false}],"sizes":[{"title":"Spice Level-Mild Hot","price":9.99},{"title":"Spice Level-Medium Hot","price":9.99},{"title":"Spice Level-Hot","price":9.99}]},{"name":"Yellow Dal","uid":"c1c2e102-75e5-8d38-5e76-d81aa8fb2388","category":"Vegetarian Entrees","categoryUID":"ed870664-72f3-0d36-2581-43d2f798ac16","price":9.99,"isTaxExempted":"","description":"Yellow dal is a rich and flavored lentils from India. This is very rich in protein and goes well with rice or naan. Add a Papad or Raita for variety.","imageName":"Yellowdal.jpg","urlInfo":"","orderPos":6,"options":[{"group":"Side","name":"Rice","charge":0,"minItems":0,"maxItems":0,"isShown":true,"isRequired":false},{"group":"Side","name":"Naan","charge":0,"minItems":0,"maxItems":1,"isShown":true,"isRequired":false},{"group":"Meal","name":"Rice,Naan and Salad","charge":2,"minItems":0,"maxItems":1,"isShown":true,"isRequired":false}],"sizes":[]}]}]}