{"gamelevel":{"objects":[{"uid":"95dfd894-45dd-0020-ff9b-d6c3bc2757a8","type":"enemy","image":"head_panda.png","left":951,"top":151,"width":30,"height":25},{"uid":"1e888799-d87c-90ca-1ee6-a78565020277","type":"static","image":"brick_1.png","left":910,"top":199,"width":30,"height":57},{"uid":"6d8a08cf-ddfa-742e-0552-e277d1922576","type":"static","image":"brick_1.png","left":992,"top":199,"width":30,"height":57},{"uid":"2625c177-59b9-840a-e6ce-badea0784992","type":"static","image":"brick_1.png","left":916,"top":177,"width":100,"height":20}],"background":"bg.png","foreground":"fg.png","reset":"undo_green.png","bullets":4,"bullet":"acorn.png","nextPage":"aboutus.html"}}